body,title
"
 Llegué a la presidencia municipal de Metepec, en el Estado de México, en 2009: meses después de la tragedia ocurrida en la Guardería ABC, una estancia infantil que funcionaba en el norte del país, bajo el modelo de subrogación del Instituto Mexicano del Seguro Social, un ámbito lejano a mis facultades legales, pero cercano a mis posibilidades como alcaldesa y mi convicción de sumar, en lugar de culpar.  Hacía poco tiempo que el gobierno federal había implementado otro Programa de Estancias Infantiles, a cargo de la Secretaría de Desarrollo Social y sin dudarlo, me di a la tarea de buscar el directorio de las ubicadas en el territorio municipal, a fin de revisar sus instalaciones a través del área de Protección Civil y de apoyar para garantizar la seguridad de las y los menores que a diario albergaban.  De la mano de normas y especialistas, tomamos también medidas en las Estancias Infantiles a cargo del Ayuntamiento, a fin de minimizar riesgos y cumplir con la responsabilidad que establece la ley: identificar y analizar riesgos, para la prevención y mitigación.  Hoy en México no hay más Estancias Infantiles que supervisar, porque desaparecieron bajo falsos señalamientos, al igual que se eliminó el Instituto Nacional de Infraestructura Educativa y los recursos que llegaban a las entidades federativas para rehabilitar nuestras escuelas, y es que no hay razón que valga a la hora de discutir el Presupuesto en una Cámara de Diputados donde la mayoría oficialista solo acata instrucciones. Pero siempre hay algo que sí se puede hacer, sobre todo cuando la realidad lo demanda.  Recientemente fue dado a conocer el reporte “Evaluación del sistema educativo en el nivel básico”, a cargo de la Auditoría Superior de la Federación (ASF), el cual advierte que, de las 197 mil 843 escuelas públicas registradas desde el nivel preescolar hasta el nivel de secundaria, 147 mil 570 instituciones (siete de cada diez) carecen de un programa de Protección Civil.  Aunado a lo anterior, la ASF subrayó que gran parte de estas escuelas ya rebasaron su vida útil en términos de infraestructura, y son peligrosas para la comunidad que las utiliza.  De acuerdo con la “Guía para Elaborar o Actualizar el Programa Escolar de Protección Civil”, es prioritario proteger a las niñas, niños y adolescentes en las escuelas y enseñarles sobre los peligros a los que pueden estar expuestos y preparar al alumnado, a docentes, directivos, padres de familia y a la comunidad escolar en general, para actuar de la mejor manera, antes, durante y después de una emergencia.  Por eso, esta semana solicité a la Comisión Permanente del Congreso de la Unión exhorte a las secretarías de Educación Pública y de Seguridad y Protección Ciudadana, a través de la Coordinación Nacional de Protección Civil, para que promuevan la elaboración de los Programas Escolares de Protección Civil ante las autoridades educativas estatales que aún no lo tengan, priorizando las escuelas públicas del nivel preescolar, primaria y secundaria.  Asimismo, pedí que la Secretaría de Seguridad y Protección Ciudadana realice la investigación, estudio y evaluación de los riesgos, peligros y vulnerabilidades en los centros e instituciones educativas cuya infraestructura ha rebasado su vida útil. Y volveré a exigir reglas de operación claras y presupuestos para la infraestructura educativa, en la discusión del paquete económico.  Basta de ser víctimas eternas. Aprendamos a usar la memoria como impulso para actuar, en lugar de politizar las tragedias y repartir culpas. Urge convertir el hartazgo en reflexión, creatividad y acción colectivas. Hagamos que suceda.  Diputada federal @AnaLiliaHerrera    Suscríbete aquí para recibir directo en tu correo nuestras newsletters sobre noticias del día, opinión, planes para el fin de semana, Qatar 2022 y muchas opciones más.
",
"
 A escasos dos años de la elección presidencial, por primera vez en la historia de la política nacional podría darse una contienda entre dos partes, susceptible de llamarse bigrupartidista, por cuanto que estaría dada por un grupo de partidos de un lado y de otro, cada uno con su candidato.  El primero está perfilado por el presidente Andrés Manuel López Obrador. Él propone que su sucesor surja de una encuesta. Seguramente así será. El elegido está en la lista de nombres que exhibió cuando dio el banderazo de salida de la carrera por la Presidencia.  Morena aprueba ese método y seguro el PVEM y el PT, aliados y beneficiarios de su popularidad y sus decisiones, harán lo mismo. Por él han ganado lo que tienen y sólo con él podrían conservarlo y acrecentarlo. En esa lógica, no sería inconcebible que a ese grupo se le agregaran otros, interesados en obtener algo de lo mucho que tiene y que buscará mantener a todo costo.  El otro conjunto de partidos en perspectiva de ir a la contienda bigrupartidista, tiene ya su base en el PRI-PAN-PRD. Aliados en Va por México, han tenido actuaciones exitosas que los alientan a mantenerse. En 2021 avanzaron bastante y el domingo pasado ganaron Aguascalientes y Durango.  Sí por México despliega estrategias para que MC, dirigido por Dante Delgado, se una a Va por México. Conocedor del sistema político y empeñado en que la democracia sea más genuina y diferente, sostiene una idea: construir una nueva oposición.  Esta —dice— deberá quedar configurada en enero de 2023 y no refiere a una mezcla de partidos de cualquier signo y color que quieran enfrentar a Morena.  La condición para que la nueva oposición PRI, PAN, PRD y MC pueda darse, es que esté, según el político veracruzano, “por encima de los partidos; tendrá que ser con actores verdaderamente representativos de la sociedad”.  Eso significaría que primero escuchará a la sociedad y buscará liderazgos regionales en todos los sectores; procurará que el candidato sea joven, preparado, con arraigo en su comunidad, convencido de la necesidad de luchar por un cambio profundo en la política y en el país. Deberá tener un Proyecto de Nación para todos.  Con visión y prudencia, Dante Delgado hace notar que, si bien el mandato actual de su partido es competir sin alianzas en las elecciones en puerta, en diciembre fijará la ruta. “No encartamos ni descartamos a nadie”.  Una posible alianza, empero, no tiene que verse únicamente con el PRI, PAN y PRD; hay quienes no descartan que pudiera darse con Morena, con lo cual esos partidos quedarían en el desamparo y frente al fracaso. Habría una nueva hegemonía que, como el priísmo, se recrearía en el poder cuanto le fuere posible.  Se incline MC en un sentido o en otro, Dante Delgado tendrá mucho qué decir respecto del candidato.  ¿Está en sus parámetros alguno de los que buscan la candidatura por Morena? ¿Lo buscará, lo propondrá y lo aceptaría Va por México? ¿Aceptaría uno de esta alianza? Gran dilema por resolver.  Por la democracia, la sociedad y el país, la contienda presidencial debería darse entre dos partes. Con un ejercicio bigrupartidista, que sería una auténtica partida de ajedrez, la ganancia y la utilidad… sería para todos.  Sotto Voce  El presidente de la Suprema Corte, Arturo Zaldívar, cumple su ofrecimiento de luchar por la libertad de decenas de mujeres injustamente encarceladas o no sentenciados. Ya salió la primera… Clara y contundente, la respuesta de AMLO a los señalamientos de senadores norteamericanos en su contra. En la reunión privada bilateral programada para julio próximo, algunos consideran que convendría reclamarle al presidente Biden la “doble moral” que históricamente ha utilizado EU para evadir el problema del consumo interno de drogas por una tercera parte de su población, y el ingreso ilegal de armamento a México.       Suscríbete aquí para recibir directo en tu correo nuestras newsletters sobre noticias del día, opinión, planes para el fin de semana, Qatar 2022 y muchas opciones más.
",
"
Ayer en esta columna le revelé que la crisis aérea en México tiene un piloto responsable… pero también varios copilotos. Que la Agencia Federal de Aviación Civil tiene al frente al general del Ejército Carlos Antonio Rodríguez Munguía, quien ha fracasado en su intento de recuperar la Categoría 1 de seguridad aérea para México y que su gestión y su dependencia están, según fuentes oficiales, en medio de señalamientos de ineptitud y corrupción. 
En la lista de copilotos de la debacle aérea mexicana destaca Martha León García, directora del Centro Internacional de Adiestramiento de Aviación Civil (CIAAC). Es acusada de haber grabado a su sucesor para chantajearlo y obtener el puesto hace unos años. Las fuentes la señalan como quien negocia trámites, licencias, cursos, capacitaciones y las acreditaciones de los inspectores a contentillo, impactando el número de personas que pueden realizar las verificaciones. 
Sobre Jacob González Macías, director de Desarrollo Estratégico, denuncian que desechó un sistema certificado por la Organización de Aviación Civil Internacional por el cual se pagaron millones de dólares y lo sustituyó por sistemas caseros que duplican el personal y el costo requerido para un trámite. No irá rápido, pero tiene control. Muy 4T. Por cierto, regresar al sistema original es una de las condiciones de la FAA para recuperar la Categoría 1.
Algunos de los señalamientos más graves van contra Guillermo Macías Avitia, director Ejecutivo de Seguridad Aérea, un exmilitar acusado de comandar una red de espionaje interno y de coordinar un esquema de extorsión que operaría en la red de aeropuertos del país: es quien nombra, coordina y supervisa todas las comandancias regionales y aeroportuarias, que son las que verifican documentos y cargamentos de las aeronaves. Denuncias internas hablan de fabricación de documentos, soborno de funcionarios, autorización discrecional de vuelos… a 100 mil pesos por operación. Venta de certificados de aeronavegabilidad y cobro de mordidas a talleres aeronáuticos. 
No lo hace solo. Las fuentes indican que le inventó un cargo a Ubaldo Alberto Espinoza Trejo para operar las supervisiones. Tiene a Cristian Olvera Martínez para abrir el paso a dos negociadores externos, presuntos amigos de Macías Avitia, que “ayudan” a las aerolíneas y a los talleres a agilizar, destrabar y autorizar los trámites necesarios. Y a Marlin Arce de la O, directora de certificación de licencias, donde internamente hay quejas de que para sortear el retraso de 6 meses hay que poner entre 50 y 100 mil pesos en la mesa. 
Con este panorama, con esta bitácora detallada del desastre, no es sorpresa la crisis en la que está metida la aviación mexicana. El secretario de Gobernación, Adán Augusto López, a quien el presidente AMLO ha decidido encomendar la solución de esta crisis, tiene dos opciones: agilizar las investigaciones de estas denuncias para limpiar y eficientar el sector… o escudarse en la retórica de las conspiraciones. A ver qué escoge, sobre todo porque está en campaña. 

[email protected]
 Suscríbete aquí para recibir directo en tu correo nuestras newsletters sobre noticias del día, opinión, planes para el fin de semana, Qatar 2022 y muchas opciones más.
",Los copilotos de la debacle (II)
"
Esta semana tiene lugar en la ciudad de Los Angeles, California, la IX edición de la Cumbre de las Américas, iniciativa del presidente Clinton que data de 1994. En esta ocasión, Estados Unidos, el país anfitrión, para bien o para mal, decidió restringir la invitación a los regímenes del hemisferio que considera democráticos. Con ello dejó fuera a Venezuela, Cuba y Nicaragua. A pesar de que esta decisión excluyó solamente a tres de los 35 países del hemisferio, el presidente de México decidió no asistir, a partir del argumento de la debida inclusión, aunque para muchos en realidad esta decisión refleja su mayor afinidad con gobiernos como el de Cuba, con un socialismo anquilosado; Venezuela, que tiene hoy más de 6 millones de ciudadanos fuera del país por razones de sobrevivencia o, como Nicaragua, cuyo líder metió a la cárcel a sus opositores políticos. Todos ellos tienen en común hacer y deshacer a voluntad, muy por encima de las reglas básicas de la democracia.   Para México esta decisión es una tragedia dada la enorme e innegable dependencia de nuestro país de la economía de los Estados Unidos, de las remesas que envían los paisanos y de que es el único país en el mundo que realmente podría apoyarnos en temas tan críticos como la pobreza y la desigualdad, la recuperación económica y la seguridad pública. Sin embargo, no todo son malas noticias. Lejos quedaron los tiempos en los que los gobiernos eran los únicos actores que contaban en las relaciones internacionales. Hoy en día la dinámica mundial es el resultado del posicionamiento y participación no solo de gobiernos, sino también de múltiples actores del sector privado y del sector social. Un buen ejemplo de ello fue la aparición del reporte intitulado Las Américas en tiempos adversos: en busca de una agenda renovada, resultado de un trabajo de varios meses en el que participaron más de 50 especialistas latinoamericanos, ocupados y preocupados por lo que sucede en el mundo y, particularmente, en la relación entre los países de América Latina y El Caribe y Estados Unidos y Canadá.   Este esfuerzo, coordinado por El Colegio de México, la Universidad de los Andes (Colombia) y la Universidad Torcuato di Tella (Argentina), resultó en un reporte bilingüe preparado exprofeso para esta Cumbre, en el que se realiza un diagnóstico y recomendaciones en torno a la imbricada agenda de los países del hemisferio. El documento final aborda temas cruciales del contexto internacional como la relación del hemisferio con China y las consecuencias de la guerra en Ucrania; aspectos centrales para el futuro como la energía y el cambio climático; temas urgentes como la seguridad pública y, ciertamente, los temas más dolorosos como la pobreza y la desigualdad, que se reflejan en el aumento de los flujos migratorios, en la polarización política y en crecientes problemas de gobernabilidad. El entorno hemisférico y mundial es sumamente complejo. El liderazgo estadunidense esta cuestionado en América Latina y, entre latinoamericanos y caribeños, estamos ayunos de liderazgos. Las capacidades de concertación y construcción conjunta en este momento no son las mejores. Frente a este escenario, como bien señala el reporte, las inercias del pasado parecen obnubilar la visión del futuro. A pesar de ello, su filosofía no es derrotista: es tiempo de sembrar, para en el futuro cosechar y hacen recomendaciones concreta para construir camino. Debe mencionarse que este esfuerzo no se acotó al análisis y la elaboración de un magnífico reporte. Se realizaron las gestiones para insertarse en los eventos de la cumbre en el capítulo de organizaciones sociales, donde tuvo muy buena acogida. Entre las propuestas y reportes ahí planteados, se seleccionó para una reunión con la vicepresidenta Kamala Harris, que lo elogió e incluso lo llevó con ella haciendo la broma de que ella no cargaba documentos, pero que en este caso valía la pena tener la versión impresa. Afortunadamente las relaciones de México con el exterior no solamente dependen de los representantes formales del Estado. Felicidades a los promotores y realizadores de este trabajo. [email protected]  
",
"
 El pasado sábado 4 de junio será recordado como una fecha transcendental para nuestro país, ya que por primera vez una mujer mexicana forma parte de una misión espacial, antes de ella, Rodolfo Neri Vela participó en la misión del Transbordador Espacial Atlantis en 1985. Katya Echazarreta dio muestra de que nada está fuera del alcance cuando se tiene voluntad y acceso a elementos de formación y preparación necesarios.  La historia de esta joven, que es orgullo nacional, es de lucha y sacrificio. Cuando tenía siete años emigró a Estados Unidos, donde salió adelante gracias a un esfuerzo constante y la meta fija de estudiar, superando toda clase de adversidades para completar su carrera de ingeniería en electricidad, que la llevó a trabajar en la NASA.  Está claro que un país con un sistema educativo desarrollado y con oportunidades permite la superación de las personas y fomenta su desarrollo. Esta noticia debe ser un acicate para fortalecer la educación en México y evitar que se abandonen los mecanismos que permiten su evaluación, pues, como dijo William Thomson, “Lo que no se mide, no se puede mejorar. Lo que no se mejora, se degrada siempre.”  Paradójicamente el domingo, un día después de que esta mexicana alcanzara el espacio exterior, se dio a conocer que la calidad de los conocimientos que reciben las y los estudiantes en nuestro país no puede ser medida. De acuerdo con este mismo diario, se dejaron de aplicar tres evaluaciones de educación básica: Planea (Plan Nacional para la Evaluación de los Aprendizajes), el Estudio Regional Comparativo y Explicativo, y TALIS (Teaching and Learning International Survey).  Es preciso recordar que la educación sirve para aumentar los grados de libertad de las personas con el fin de que se desarrollen, es decir, funciona como una herramienta para garantizar que las y los niños reciban los conocimientos necesarios para que, como Katya, puedan alcanzar todo aquello que se propongan. En ese sentido, evaluar resulta fundamental para conocer el estado que guarda el sistema educativo.  La nueva política que rige a las instituciones de educación nacional, denominada “Nueva Escuela Mexicana”, cuenta con un enfoque distinto. Algunos de los principios que la distinguen son el fomento de la identidad mexicana, la responsabilidad ciudadana, el compromiso con la honestidad, la participación en la transformación de la sociedad y el respeto a la dignidad humana, entre otros. Asimismo, algunas de las autoridades encargadas de su implementación han mencionado que es necesario un cambio en el modelo educativo que termine “con las pruebas estandarizadas que segregan a la sociedad”.  Sin duda, es muy importante lograr que la educación de nuestras niñas, niños y jóvenes sea cada vez de mayor calidad, pues los 35 millones de estudiantes de México tienen el potencial para ser como Katya, nuestra astronauta. ¡Se los debemos!  Senador de la República    Suscríbete aquí para recibir directo en tu correo nuestras newsletters sobre noticias del día, opinión, planes para el fin de semana, Qatar 2022 y muchas opciones más.
",
"

 

Durante el proceso electoral para renovar gubernaturas y algunas alcaldías y diputaciones locales en Aguascalientes, Durango, Hidalgo, Oaxaca, Quintana Roo y Tamaulipas, se vio la desesperación del gobierno federal por implantar un régimen totalitario. Esperaban llevarse carro completo y fracasaron. 
 
Arrogantemente en la 4T decían que se llevarían seis de seis gubernaturas y cometieron todo tipo de ilegalidades. Usaron y abusaron de los programas sociales para amenazar a la gente. Los servidores públicos del régimen abandonaron sus responsabilidades y se volcaron a promocionar la imagen de los candidatos oficialistas. Utilizaron recursos públicos para sus movilizaciones. Incluso, pactaron con el narco. Pero nada de eso les funcionó. 
 
Los candidatos del PAN, liderados por el presidente Marko Cortés, de la mano con el PRI y el PRD, hicieron campañas propositivas y que verdaderamente atienden los problemas del pueblo de México. El compromiso que tiene la coalición “Va por México” es clara: sacar al mal gobierno de Morena y llevar a México hacia el futuro. 
 
Los mexicanos merecen que se escuchen sus voces, que se atiendan sus problemas, que se solucione la inseguridad, que no se pacte con el narco. Asumiendo este compromiso, el vicepresidente de la Cámara de Diputados, Santiago Creel, y el coordinador de los diputados federales, Jorge Romero, junto con otros diputados y senadores, caminamos las calles de esos seis estados y escuchamos cómo el gobierno federal se ha olvidado de la gente. 
 
El gobierno federal intentó hacer una elección de Estado pero no pudieron. La oposición ganó las gubernaturas de Aguascalientes y Durango, donde la diferencia fue avasalladora. Se ganaron por más de 15 puntos porcentuales. Y la elección en Tamaulipas, será impugnada. 
 
Durante la elección de 2018, en esos seis estados, tuvieron 3.9 millones de votos y este año perdieron 1.2 millones. El pueblo de México ya no los apoya porque estamos ante una de las crisis de inseguridad más graves de la historia moderna de nuestro país. Morena ha desviado el dinero de los mexicanos y lo ocuparon en las campañas. No atienden las desapariciones, los asesinatos y los feminicidios, pero sí protegen a las bandas delincuenciales. 
 
Ante esta elección de Estado, hubo un alto nivel de abstencionismo; sin embargo, es importante reconocer la participación de los miles de ciudadanos quienes acudieron a pesar de las amenazas, del amedrentamiento y de la inseguridad a las urnas a emitir su voto. Tenemos claro en la oposición que debemos defender al pueblo de México del populismo que es corrupto, gobierna mal y tiene acuerdos con la delincuencia. 
 
En Acción Nacional y en la coalición tenemos el compromiso de defender a México y estamos seguros que se necesitan elecciones democráticas, donde los mexicanos elijan, donde la delincuencia no meta las manos, donde se escuche a la gente y se den propuestas. Necesitamos fortalecer a nuestros árbitros electorales. Por ello, asumimos nuestro compromiso de construir contrapesos y fortalecer a nuestras instituciones. México no merece elecciones de Estado al estilo de los regímenes totalitarios. 
 

Senadora de la República
 
Suscríbete aquí para recibir directo en tu correo nuestras newsletters sobre noticias del día, opinión, planes para el fin de semana, Qatar 2022 y muchas opciones más.
","Elecciones de Estado, al estilo de regímenes totalitarios"
"
La Selección Mexicana ya tiene su lugar en el Mundial Qatar 2022, pero las inquietudes no cesan para la afición tricolor de cara a la Copa del Mundo. La falta de gol encabeza esa larga lista de preocupaciones y prácticamente toda la responsabilidad recae en una persona: Raúl Jiménez. Si bien, el futbol es un deporte de conjunto, el delantero del Wolverhampton es el ‘9’ de la Selección Nacional y Gerardo Martino lo ha repetido en incontables ocasiones. Previo al amistoso contra Nigeria, el Tata lo volvió a defender y enfatizó que es su referente en el ataque.       Chicharito Hernández y Tata Martino tendrán una reunión          “Hay una competencia por el ‘9’, pero estamos claros, nosotros estamos con Raúl; es nuestro referente, al cual debemos ayudar a que recupere su mejor versión”, declaró. Sin embargo, hay algo que no ayuda en nada al Tata y, al contrario, agrava la situación. Los principales atacantes de sus rivales de grupo en Qatar 2022 tienen en sus clubes cifras superiores a las de Raúl. Mientras Robert Lewandowski ha participado en 57 goles (siete asistencias) con el Bayern, Jiménez lo ha hecho únicamente en 11 (cinco pases); Lionel Messi en 26 (15 servicios) con el PSG y Firas Al-Buraikan, del Al-Fateh, en 15 (cuatro asistencias)... Números rojos.       La Selección Mexicana Sub-21 fue humillada por Francia en el Esperanzas de Toulón           Esa crisis de Raúl  con el equipo inglés se ha visto reflejada en el Tricolor, donde sus últimos tres goles fueron de penalti y no anota de otra forma desde el 17 de noviembre de 2020, en amistoso contra Japón. Los números de Jiménez son una latente preocupación para el Tri. de contratarlo, pero al final la negociación se vino abajo por temas similares.   
",
"
BERLÍN.- Un sacerdote de la Iglesia católica en Alemania fue hallado muerto un día después de ser interrogado y suspendido dentro de una investigación por supuestos abusos, dijeron el viernes responsables eclesiásticos. La diócesis de Limburg explicó en un comunicado que el director de su seminario fue encontrado muerto el jueves. No ofreció más detalles sobre la causa del deceso pero apuntó que el religioso, a quien no identificó, había ocupado cargos de responsabilidad en la diócesis durante varios años. El fallecimiento “ha sido un golpe duro, causa consternación y desconcierto, y plantea muchas cuestiones”, añadió la nota. Lee también: Hallan viva a mujer que había sido dada por desaparecida en 1980 tras el homicidio de sus padres  Fue acusado de comportamiento inapropiado “Se le había escuchado en una entrevista personal el miércoles 8 de junio en relación con las acusaciones de comportamiento inapropiado, como exigen el reglamento eclesiástico pertinente”, apuntó la diócesis. “El obispo Georg Baetzing lo cesó de todos sus cargos para poder examinar y aclarar las acusaciones”. La diócesis envió sus condolencias a la familia del fallecido y señaló que “al mismo tiempo, nuestros pensamientos están también con aquellos que denunciaron las supuestas acusaciones”. A principios de semana, la diócesis de Limburg anunció que un antiguo sacerdote había sido condenado en un juicio eclesiástico por abusar sexualmente de un menor hace casi tres décadas y que se le impuso una multa. Lee también: Influencer chino desaparece de internet tras aludir en plena transmisión a la masacre de Tiananmen Suscríbete aquí para recibir directo en tu correo nuestras newsletters sobre noticias del día, opinión, Qatar 2022 y muchas opciones más. vare/acmr
",
"
La fórmula que Andrés Manuel López Obrador prepara hace varios meses para retener el gobierno de la Ciudad de México es muy parecida a la que mantiene en la elección federal. Mientras Claudia Sheinbaum sigue encabezando sus preferencias personales para relevarlo en la Presidencia, la apuesta por la capital del país es la actual secretaria de Seguridad Ciudadana federal, Rosa Icela Rodríguez.
La virtual jefa de la Guardia Nacional —la corporación tiene en la práctica una estructura y mando militarizado— ha sido la encargada de socializar esta decisión, la cual es confirmada por fuentes de Palacio Nacional, quienes aseguran que el Presidente ha dado luz verde a la funcionaria para buscar la candidatura y para presentarse en ese camino como “la favorita”, al igual que su antigua jefa en el gobierno capitalino lo hace para la presidencial.
El perfil de Rosa Icela encaja perfectamente con las expectativas de López Obrador: una mujer aguerrida, identificada plenamente con la izquierda y leal; las mismas características que encuentra en otras funcionarias clave del gabinete, a las que ha confiado tareas de alta relevancia para su administración. Es el caso de Raquel Buenrostro, jefa del SAT; Rocío Nahle, secretaria de Energía, y Thalía Lagunas, oficial Mayor de la Secretaría de Hacienda.
Una eventual mancuerna de Claudia Sheinbaum, para la presidencia, y Rosa Icela, para la CDMX, sería el escenario ideal para AMLO en 2024. De materializarse así las victorias de Morena, se estarían confirmando seis años de un nuevo “maximato”, en el que las decisiones de gobierno pasarán por territorio chiapaneco, en el rancho “La Chingada” en Palenque.
No obstante, las similitudes entre las aspirantes no corresponden a las de los contextos que ambas deberán enfrentar para su respectiva elección. Sheinbaum tiene la ventaja de avanzar sobre un camino pavimentado por López Obrador, con los votos de prácticamente todo el sureste del país en la bolsa y con gran terreno avanzado desde el centro hasta el norte, gracias a que Morena y sus gobernadores aliados controlarán al finalizar este año 22 gubernaturas.
Por su parte, Rosa Icela Rodríguez deberá tomar un sendero en el que la actual jefa de Gobierno no ha podido siquiera aplanar el terreno, y en el que cada día se ve un mayor deterioro. La elección de 2021 dejó claro al obradorismo que la ciudad en la que la izquierda se instaló hace 25 años, y que fue gobernada en su momento por el actual Presidente, puede pasar sin muchos apuros a manos de la oposición.
La desilusión de las clases medias frente a un gobierno que las quiere borrar del mapa y las califica de “aspiracionistas”, sumada a los conflictos internos que prevalecen entre los viejos y nuevos liderazgos capitalinos de partido, hacen muy posible que se presente un escenario de alternancia, para establecer por primera vez en la CDMX un gobierno emanado de la derecha, o del ala conservadora como dice López Obrador, que deberá convivir con una presidencia que muy probablemente será otra vez de la 4T.
El Presidente tiene 16 millones de votos listos para ponerlos al servicio de Sheinbaum, pero no tiene por el momento los números para asegurar la victoria de una candidata en la capital del país. Se abre así la baraja para que irrumpan en el carrusel morenista otras “corcholatas”, entre las que figuran el secretario de Gobierno, Martí Batres; el secretario de Seguridad Ciudadana, Omar García Harfuch, y la Fiscal de la CDMX, Ernestina Godoy.
También deberán tomarse con mucha seriedad las aspiraciones y las estructuras de poder de Ricardo Monreal, quien empieza a apuntar hacia la candidatura para la Presidencia, a sabiendas de que en el camino le podría tocar un muy atractivo premio de consolación.

Posdata
Claudia Sheinbaum no tiene la intención de renunciar al gobierno de la CDMX este año. Ve su puesto actual como una plataforma para seguirse promocionando en la capital, mientras que aumentará las giras al interior del país, junto al Presidente.
 

@MarioMal[email protected]
  
Suscríbete aquí para recibir directo en tu correo nuestras newsletters sobre noticias del día, opinión, planes para el fin de semana, Qatar 2022 y muchas opciones más.
",Las “corcholatas” Rosa Icela y Claudia
"
Gerardo Martino aceptó acercamientos con Javier Hernández, pero antes de dar lugar a especulaciones, lo aclara: Esto no significa que cambie algo.  El 'Tata' Martino ha tenido comunicación con el futbolista del LA Galaxy vía escrita, verbal y ahora se pondrán en contacto ""vía Zoom"". Así lo aseguró en timonel del Tricolor. “No cambió nada, yo mismo lo expresé. Hemos tenido un contacto hace un mes o mes y medio de forma escrita, luego verbal, yo no tuve el alta médica para viajar y encontrarme con él"", declaró Martino en conferencia de prensa.        Rogelio Funes Mori: Sería importante que Chicharito llegue al Mundial           Asimismo, aseguró que el encuentro sería virtual y no garantizó nada para Chicharito  Hernández, quien no es convocado por el estratega del equipo nacional desde 2019. ""Seguro haremos un zoom y no marca nada más que una charla entre un futbolista y un entrenador y así que no hay que hacer una especulación con eso”, aseveró Martino.   Diego Lainez, sin ""presión"" en la Nations League Sobre el caso de Diego Lainez y su poca participación con el Real Betis de España, Martino aseguró que estos enfrentamientos no son determinantes para el ex del América.  “Nosotros confiamos en él, de hecho ha sido convocado en los cinco juegos teniendo una parte final con pocos minutos en su equipo, pero es un futbolista que nos ha dado buenas respuestas... Entendimos que debe estar con nosotros y no son decisivos para él estos dos juegos”, aseveró.
",
"
El pasado 31 de mayo concluyó la gestión de Ricardo Salgado Perrilliat al frente de la Secretaría Ejecutiva del Sistema Nacional Anticorrupción (SESNA) y con esto se cierra la etapa fundacional de la misma con resultados destacables como el desarrollo de la primera herramienta tecnológica para generar inteligencia, 4 de 6 plataformas del Sistema Nacional Anticorrupción (SNA), con 17 secretarías ejecutivas estatales interconectadas y de la primer politica pública de aplicación nacional para combatir la corrupción que fue la base para 21 políticas de índole estatal.
En realidad, asistimos en estos cinco años, al nacimiento y el proceso de consolidación del proyecto de big data más avanzado, complejo y extenso en México, tal vez de Latinoamérica, de tratamiento masivo de datos, aprovechando el acelerado desarrollo de las Tecnologías de la Información y la Comunicación del sector público ampliado, que incluye a las entidades públicas gubernamentales (poder ejecutivo) y no gubernamentales (poderes legislativo y judicial, así como organismos constitucionales autónomos, empresas productivas del Estado, tribunales no pertenecientes al poder judicial e instituciones de educación superior, entre otros) en los tres niveles de gobierno.
El big data es una herramienta innovadora para que el mayor acumulador de información en una sociedad, que es el sector público, pueda poner a disposición de las personas y las organizaciones información útil y con valor específico para avanzar en el proyecto de futuro de la gestión pública basada en el e-gobierno, que se basa necesariamente en la transparencia y la participación ciudadana como elementos para el combate a la corrupción.
La estrategia del big data no se reduce a una mera acumulación de información inconexa, sino que está sometida al respeto de principios y reglas que relacionados con los datos abiertos, la transparencia proactiva y la protección de datos personales, lo que exige un andamiaje jurídico-administrativo complejo que se ha ido construyendo desde la primera generación de leyes de transparencia en el 2003 y que tuvo un impulso importante hace siete años con la creación del SNA.
En ese sentido, tal y como lo expresa la SESNA en su página web, “la Plataforma Nacional Digital (integrada por seis sistemas) no es generadora ni un repositorio de datos, sino una plataforma de interoperabilidad que consulta información de diversas fuentes” y los logros reportados en sus primeros 5 años de funcionamiento son muy trascendentes, pero requieren que haya continuidad en el esfuerzo para que concluya el proceso de integración de todas las entidades públicas a la plataforma más allá de su interconexión.
El big data es la conjunción del conocimiento especializado en ciencia de datos y plataformas digitales, para el uso, la visualización y la descarga de datos masivos, con base en la información que se genera en los sistemas operacionales de las entidades públicas para identificar tendencias e integrar resultados de la gestión y con ello mejorar los indicadores de desempeño de las organizaciones y potencializar la relación entre éstas y los destinatarios de los bienes y servicios públicos que producen o prestan.
La búsqueda, selección y análisis de información pública relevante en bases de datos alimentadas con orden y consistencia contribuye a aumentar la productividad de empresas en los diferentes sectores, a una correcta, oportuna y amplia rendición de cuentas, así como a la protección, promoción, garantía y respeto de los derechos humanos.
El big data es una explotación de los datos en forma inteligente y legítima, que permite el análisis de información para elaborar proyecciones sobre la atención de las necesidades sociales más inmediatas o la prevención de conductas desviadas, así como el establecimiento de acciones disuasivas y de combate a la corrupción.
En el libro de “Apuntes sobre las políticas y legislaciones en informática a la luz del Derecho Administrativo Mexicano” de Guy Mazet, publicado por Tirant lo Blanch, el autor parte de la premisa de que el big data se define por dos elementos: su tamaño y la calidad de los datos abiertos y, por lo tanto, no es una mera acumulación de información en un receptáculo compartido, como sucede con gob.mx que es una plataforma que pretende promover la innovación en el gobierno, impulsar la eficiencia, y transformar los procesos para proveer de información, trámites y la participación a la población, pero es insuficiente ya que es un ejemplo de interconexión y desarrolla escasamente la interoperabilidad como, en contraste, si sucede en la PDN del SNA.
La interoperabilidad de las plataformas digitales de los integrantes del SNA es uno de los propósitos explícitos de la legislación y uno de sus principales avances y, por la tanto, la PND “es un instrumento de inteligencia que tiene como objetivo eliminar las barreras de información para que los datos públicos sean comparables, accesibles y utilizables a efecto de combatir cualquier acto de corrupción.” (https://www.sesna.gob.mx/) Su existencia y en el grado de avance en que se encuentra es un gran logro para nuestro país. Hago votos para que el nuevo titular de la SESNA consiga su consolidación con la extensión de la interoperabilidad a todas las entidades públicas en los tres niveles de gobierno.
 

Investigador del Instituto Mexicano de Estudios
Estratégicos de Seguridad y Defensa Nacionales[email protected]
Facebook.com/cmatutegonzalez
Twitter @cmatutegonzalezwww.carlosmatute.com.mx
  
Suscríbete aquí para recibir directo en tu correo nuestras newsletters sobre noticias del día, opinión, planes para el fin de semana, Qatar 2022 y muchas opciones más.
",El big data y la gestión pública I
"
El gobernador de Nayarit, Miguel Ángel Navarro Quintero, se sumó al proyecto de garantizar el derecho universal a la salud del presidente de la República, al señalar que “el primer mandatario ha luchado por fortalecer el sistema médico del país, pero no es mago, necesita de la participación de todos nosotros”. Al presenciar la inauguración del Hospital General “Dr. Aquiles Calles Ramírez, La Cantera”, en beneficio de alrededor de un millón 800 derechohabientes de la región. “México es el primer lugar en obesidad, por eso es importante fortalecer la atención primaria a la salud, cada persona debemos ser protagonistas de nuestra propia salud. Como trabajadores, hoy más que nunca, tenemos que mejorar y humanizar la atención”, puntualizó El titular del Instituto de Seguridad y Servicios Sociales de los Trabajadores del Estado (Issste), Pedro Zenteno Santaella, precisó que la  apertura de ese hospital beneficiará a 244 mil 671 derechohabientes de Nayarit y tendrá un impacto regional en los estados de Jalisco, Durango y Sinaloa, sumando alrededor de un millón 800 mil derechohabientes. Lee también: Encuentran muerta a niña de 11 años en su casa en Coahuila “En el instituto avanzamos para ampliar la infraestructura hospitalaria, por lo que estamos en Nayarit para activar por completo los servicios de este nuevo nosocomio que fortalecerá los servicios de salud, no sólo en la entidad sino en la región, con 150 camas censables y 59 camas no censables, 32 especialidades, 35 consultorios, siete quirófanos, un quirófano de tococirugía, siete servicios auxiliares de diagnóstico y ocho servicios auxiliares de tratamiento”, destacó. Zenteno Santaella aseguró que esta nueva infraestructura médica, sumada a la puesta en operación del Hospital General “Dr. Daniel Gurría Urgel” en Villahermosa, Tabasco, el 16 de mayo, y la Clínica de Médica Familiar con Especialidad y Quirófano de Cuernavaca Morelos, el 8 de junio, forman parte de la estrategia de transformación del Issste de acercar servicios de salud de vanguardia a la población. El Hospital General “Dr. Aquiles Calles Ramírez, se construyó en una superficie mayor a los 27 mil metros cuadrados. Cuenta con equipamiento de última generación para proporcionar consulta general y dentro de las especialidades médicas que brindará se encuentran: alergología, angiología, cardiología, cirugía general, cirugía pediátrica, dermatología, endocrinología, fisioterapia, gastroenterología, geriatría, gineco-obstetricia, hematología, infectología, entre otras. Luego de cortar el listón de apertura del Hospital General “Dr. Aquiles Calles Ramírez, La Cantera”, el titular del Issste realizó un recorrido por las instalaciones, acompañado por el gobernador de Nayarit, Miguel Ángel Navarro Quintero.       Ebrard propone a EU un nuevo acuerdo en la relación con las Américas para resolver exclusiones de países en Cumbres           Suscríbete aquí para recibir directo en tu correo nuestras newsletters sobre noticias del día, opinión, opciones para el fin de semana, Qatar 2022 y muchas opciones más. apr/rcr
",
"
Josellyne Aispuro sintió la mano de su jefe, José Pereznegrón, tocar su abdomen mientras se acercaba más a ella que, nerviosa, escaneaba en su oficina un documento con su celular a petición de él. Mientras lo hacía la cuestionaba: “¿te controlan mucho? ¿No te dejan salir? ¿Y si te invito unos tequilitas?”.  La tensión provocó que la joven —de apenas 24 años de edad, frente al hombre de más de 50, corpulento, de barriga pronunciada y pelo invadido de canas— no lograra su cometido de fotografiar los papeles. “No se deja, es como tú”, le dijo él, “que no se deja”. Esta conversación fue grabada por la víctima de acoso sexual quien, por recomendación de su madre, empezó a registrar los hostigamientos que cada vez eran más frecuentes. A veces la esperaba de sorpresa en un pasillo, otras solo la observaba; “me miraba de arriba abajo, me tocaba la cintura, la espalda, el brazo”, me cuenta en una conversación telefónica. El último episodio de acoso ocurrió en mayo del año pasado, cuando ella volvió a poner su línea y no accedió a sus invitaciones. Su puesto era Auxiliar Administrativa, mientras que él era el jefe superior de su área, gerente del Instituto de Capacitación y Desarrollo del Metro de la Ciudad de México. Después de las negativas de ella hacia él, ocurrió lo que se esperaba: “Te tengo malas noticias, hubo un recorte…”. Y así, sin más, fue despedida. A partir de ese momento la vida se le complicó: se quedó sin trabajo y con la rabia de haber sido dada de baja por no acceder al hostigamiento de su superior. En agosto de 2021 interpuso una denuncia por acoso sexual ante la Fiscalía de la Ciudad de México, pero a la fecha no ha ocurrido gran novedad. Este jueves 9 de junio acudió a complementar declaraciones y al parecer su caso ya será tomado en cuenta, pero, mientras, han transcurrido al menos 11 meses en los que este funcionario, mano derecha del líder del Metro, Fernando Espino, pudo haber seguido acosando a más trabajadoras sin pagar las consecuencias. Josellyne cambió de abogado y espera que ahora las cosas fluyan mejor ante la Fiscalía, pero más allá de su caso, está el cuestionamiento a esa cultura laboral del abuso de poder que persiste en las estructuras de organismos como el Metro de la Ciudad de México, solapada por el sindicato que mantiene un control a todas luces en el sistema.   Los comentarios de los compañeros de la víctima estuvieron orientados a desanimarla para denunciar debido a la influencia del personaje y al dinero que maneja su cúpula sindical para acallar este tipo de casos, que, al parecer, no eran aislados. El reconocido portal Cimacnoticias, que reporta casos con perspectiva de género, documentó el ataque a Xóchitl García Nieto, una trabajadora del Metro, que demandó a Espino por lesiones y amenazas. La empleada aseguró que en una fiesta organizada por el sindicato fue golpeada por unas diez personas a las órdenes del líder sindical, entre ellas el hermano de José, Jesús Péreznegrón. Trabajadores de este sistema de movilidad, con quienes he podido conversar, aseguran que al entrar a sus plazas o intentar mantenerlas lo más importante en sus círculos es saber qué superiores son más cercanos a los “dueños” del sindicato. Su relación buena (o mala) con ellos o ellas determinará su estancia en el puesto. Como recordaremos, esta organización gremial mantiene el control del presupuesto del Metro desde hace décadas y es de las últimas agrupaciones que se sostienen como en los viejos tiempos: con contratos colectivos conseguidos en base a presión, chantajes y sabotajes. Fernando Espino tiene a 15 familiares directos trabajando en el sistema con sueldos altos, aun cuando muchos de ellos no van a laborar, como ya se ha documentado. Los contratos a proveedores fantasma, compras a sobreprecios, manejo del presupuesto y control del personal y prestaciones las maneja todavía este grupo de poder que ninguna administración del Sistema Colectivo Metro ha podido derrocar.    Twitter: @sandra_romandia    Suscríbete aquí para recibir directo en tu correo nuestras newsletters sobre noticias del día, opinión, planes para el fin de semana, Qatar 2022 y muchas opciones más.
",
"

Monterrey es la tercera ciudad del país por población y uno de los principales polos de desarrollo de México, por lo que el encontrarse agobiada por la falta de agua es sin duda una catástrofe con repercusiones de toda índole, desde sanitaria, económica y hasta poblacional, porque podría detonar un conflicto social de magnitud insospechada.

Tal vez hayan sido años y años en los que en esta ciudad se dejó crecer el problema hasta que las presas que abastecen a Nuevo León quedaron por debajo de sus niveles mínimos históricos —en un caso con solo 2% de su capacidad—, lo que se tradujo en que comenzara a extraerse agua con lodo y otros sedimentos, llegando a un punto en que 5.3 millones de habitantes podrían quedarse sin líquido para sus necesidades más vitales.

El único antecedente de una megalópolis que se quedó sin agua de un día para otro fue el de Ciudad del Cabo, en Sudáfrica, en el año 2015, que por lo mismo está considerada ya un ejemplo de crisis por el agua producto del cambio climático, que ha alterado los tradicionales ciclos del agua en el mundo, mismos que permitían anticipar las temporadas de lluvias y estiaje y, con ello, la capacidad de programar tiempos para cultivar y cosechar, pero que ahora se han trastocado, volviendo al suministro hídrico altamente incierto.

El momento que vivió Ciudad del Cabo dejó importantes lecciones no solo a esa urbe sino al mundo entero, pues a partir de ahí, cuando estuvo a punto de llegar a su Día Cero —cuando oficialmente se quedaría la población sin agua, ni siquiera para beber—, se instrumentaron una serie de medidas de cuidado del líquido que redundaron en los años posteriores que aumentaran paulatinamente las reservas y el Día Cero se alejara cada vez más como amenaza.

Estados del norte de la República, con importantes actividades agrícolas y ganaderas que demandan mucha agua como insumo básico para poder operar, son lo que se ven más golpeados por la crisis y la sequía que sufre la nación y una temporada de lluvias que se ha atrasado preocupantemente.

La enseñanza que deja la experiencia sudafricana para que Monterrey y el resto del país no lleguen a su Día Cero en cuestión de suministro de agua, es cuidar la que recibimos y estar alertas de fugas para que se les dé atención inmediata; solo así garantizaremos el abasto para todos.

 
Suscríbete aquí para recibir directo en tu correo nuestras newsletters sobre noticias del día, opinión, planes para el fin de semana, Qatar 2022 y muchas opciones más.
",¿Vivir sin agua?
"
Si alguna duda tenía usted de que estamos viviendo un momento estelar de la historia de México y de que tenemos un gobierno que profesa la pobreza franciscana y la generosidad cristiana, el presidente Andrés Manuel López Obrador dio una lección al mundo de lo que significa quitarse la camisa para dársela a un hermano que la necesita más, al que menos tiene.
En este caso, el líder máximo de la Cuarta Transformación se quitó su avión para dárselo a su hermano argentino Alberto Fernández.
 

#ElAlerquín Che, por fin a volar el Avión Presidencial #OpiniónPlus
 https://t.co/gSG2l8eW5s pic.twitter.com/Q1CxRfLSR0
 — Arlequín (@ElArlequin_Univ) June 10, 2022

Cuando el mandatario mexicano supo que su amigo, el presidente de Argentina, solo tenía 30 millones de dólares para comprar un nuevo avión presidencial, AMLO no lo pensó dos veces y le tendió la mano al hermano.

“Ya se agotó, por ejemplo, la capacidad de tiempo de vida útil del avión de Argentina, el avión presidencial, entonces les mandamos a decir: Ahí está, llévense el avión nuestro; además, es un gobierno amigo. Pero el avión nuestro tiene un avalúo de 110 millones de dólares y ellos reservaron 30 millones de dólares. Todavía no descartamos que puedan dar los 30 (millones), y en plazos paguen después el resto…”, dijo ayer nuestro generoso mandatario.
De haber sabido el gesto que tendría del presidente mexicano, Alberto Fernández no hubiera aceptado la invitación de Joe Biden para ir a la Cumbre de las Américas y habría seguido el ejemplo de dignidad de López Obrador, quien no acudió en protesta porque no invitaron a los demócratas presidentes de Cuba, Venezuela y Nicaragua.

Y este magnánimo detalle para los argentinos no es para nada aislado, recuerde que el propio AMLO lo dijo en su pasada gira por países de Centroamérica: México ha vuelto a ser el ""hermano mayor"" de Latinoamérica.
Y cómo buen hermano mayor, defiende a las criaturas de la región de los abusos del grandulón del norte, y lo mismo fía un avión a los argentinos, que inscribe al IMSS a 25 mil guatemaltecos, quienes además recibirán apoyos económicos del programa Sembrando Vida. A Belice, El Salvador y Honduras también les lleva los programas Jóvenes Construyendo el Futuro y Sembrando Vida, para que decenas de miles de ciudadanos de esas naciones reciban apoyos de nuestros impuestos.
Además, este fraternal gobierno también ofreció a Cuba pagarle para que quinientos médicos especialistas de esa hermana nación fueran contratados para venir a atender a los mexicanos con mayores carencias. Como era de esperarse, tras el anuncio, conservadores y fifís pusieron el grito en el cielo por la eventual contratación, malvados egoístas, aspiracionistas sin límite. Ahora, tras una convocatoria a médicos nacionales para ocupar las plazas que se necesitan, queda claro que el país no necesita 500 médicos cubanos, sino que en realidad hay 7 mil vacantes que hasta ahora ningún especialista mexicano ha querido ocupar, así que, quizá muy pronto tendremos en el país algunos miles de médicos especialistas cubanos ¡Azúcar!

Ahora, no vaya a usted a salir con que estos gestos como los del avión presidencial o la exportación de los programas sociales tienen fines electorales, se trata de pura bondad, de cariño verdadero, de solidaridad auténtica.
De hecho, además del avión presidencial de 110 millones de dólares, el gobierno mexicano también puso a la venta otras aeronaves de distintos tamaños que los presidentes del periodo neoliberal utilizaban para ellos, sus familias y amigos, como si fueran Uber gratuito, y que bien podría dar en abonos chiquitos a otros mandatarios amigos de la región. Aunque a algunos de ellos quizá no les interese pues ya tienen los suyos. Por ejemplo, el presidente de Cuba, Miguel Díaz Canel, usa dos aviones, un Ilyushin Il-96, de fabricación rusa, para trayectos largos y otro, un ATR-72, de manufactura Italo-francesa, para distancias cortas. Nicolás Maduro, utiliza un Airbus A319-133, que se asegura costó 60 millones de dólares.

Imagínese el paquete que se daría el presidente Fernández de Argentina llegando a cumbres y reuniones en un poderoso Boeing 787-8 Dreamliner de 110 millones de dólares. De hecho, los ciudadanos argentinos, quienes ahora mismo viven una fuerte crisis inflacionaria, agradecerán el detalle del presidente Fernández de ajustarse a su austero presupuesto de 30 millones de dólares, y ya cuando la crisis pase -o cuando puedan, no hay prisa-, pagar los 80 millones restantes.  
Quizá los únicos inconformes con la venta en abonos del avión presidencial serán las parejas y quinceañeras que ya habían pensado en rentar la aeronave para esa fecha tan especial, y que ahora tendrán que buscar otra opción para festejar con sus invitados.
En resumen, el hermano mayor está aquí y está listo para ayudar, representar y defender a los hermanos menores.
Señoras, señores, ha nacido el moderno Benemérito de las Américas.


ME CANSO GANSO: ¿Hay tiro o no hay tiro? 
La pregunta de la semana es si tras las elecciones del pasado domingo, en las que Morena ganó 4 de las 6 gubernaturas que estaban en juego, y la alianza PAN-PRI-PRD solo dos, hay tiro -pelea- para la elección de 2024. Este Arlequín le puede asegurar que hay tiro ¿A caso no ha visto el tiro que se están dando las corcholatas Sheinbaum, Ebrard, Adán Augusto y Monreal por ser el destapado para el 2024? “¡Tiro, tiro, tiro!”
Suscríbete aquí para recibir directo en tu correo nuestras newsletters sobre noticias del día, opinión, planes para el fin de semana, Qatar 2022 y muchas opciones más.
","Che, por fin a volar el Avión Presidencial"
"
Hermosillo, Sonora.- Tras la publicación en el Boletín Oficial del Gobierno del Estado, las adiciones al Código Penal para poner en concordancia la “Ley Ingrid”, entraron en vigor sanciones para quien difunda videos y fotos de cadáveres.  Las sanciones son para quienes, por cualquier medio, filtren, distribuyan o compartan imágenes amarillistas e indolentes de personas fallecidas. El fundamento legislativo de este decreto es el de proteger los derechos de las víctimas y combatir la violencia de género mediática. En concordancia con lo que establece la Ley “Ingrid”, aprobada el pasado 24 de marzo por la Cámara de Diputados y días después por el Congreso de Sonora, la pena mínima de prisión por dicho delito será de cuatro años y la máxima de diez, más multa que irán de 100 (9 mil 622 pesos) a 150 (14 mil 433 pesos) Unidades de Medida y Actualización, UMA’s. Lee también: Un video le da pistas de hijo desaparecido La asamblea aprobó que en el Código Penal del Estado de Sonora se incluya un Artículo 167 QUATER, para quedar como sigue: ARTÍCULO 167 QUATER.- Al que por cualquier medio y fuera de los supuestos autorizados por la Ley, audiograbe, comercialice, comparta, difunda, distribuya, entregue, exponga, envíe, filme, fotografíe, intercambie, oferte, publique, remita, reproduzca, revele, transmita o videograbe imágenes, audios, videos o documentos de cadáveres o parte de ellos que se encuentren relacionados con una investigación penal, de las circunstancias de la muerte o de las lesiones que éstos presentan, sea en el lugar de los hechos o del hallazgo o en su cualquier domicilio público o privado, se le impondrán de cuatro a diez años de prisión y multa por un importe equivalente de cien a ciento cincuenta veces el valor diario de la Unidad de Medida y Actualización. Tratándose de imágenes, audios o videos de cadáveres de mujeres, niñas, niños, adolescentes o personas con discapacidad, de las circunstancias de su muerte, de las lesiones o estado de salud, las penas previstas en este Artículo se incrementarán hasta en una mitad. Cuando el delito sea cometido por persona servidora pública integrante de cualquier institución de seguridad pública o de impartición o procuración de justicia, las penas previstas se incrementarán hasta en una tercera parte. En la parte expositiva de la iniciativa se hace referencia a la llamada Ley “Ingrid”, la cual surge a raíz de la difusión indebida en redes sociales y medios de comunicación, de las imágenes del cuerpo mutilado de una mujer a manos de su pareja, cuyo feminicidio ocurrió en la Ciudad de México el 9 de febrero de 2020, y la divulgación masiva que indignó a la sociedad y exigió que pararan las filtraciones del expediente de la Fiscalía. Lee también: Vinculan a proceso a Marlon “N”, presunto feminicida de Montserrat Bendimes “Si su pretensión es endurecer la protección de los derechos de las víctimas y combatir la violencia de género mediática, estimamos que Sonora no puede quedarse al margen, como no lo están haciendo otros estados en el país y han impulsado iniciativas como la que ahora motivamos”, establece. Sobre todo, agrega, si la Ley General de Víctimas y la Ley general de acceso de las mujeres a una vida libre de violencia establecen que las mujeres víctimas de cualquier tipo de violencia tienen derecho a que se les garantice seguridad, protección, bienestar físico y psicológico.    Colectivos de búsqueda reaccionan    Al conocer la publicación y la vigencia de la llamada “Ley Ingrid”, Milagros Flores, líder del colectivo Jóvenes Buscadores de Sonora, criticó el actuar de los legisladores y la renombró como “Ley Mordaza”. “El Congreso que nunca se ha preocupado por las víctimas”. Mejor que se preocupen por ver cuándo se pondrán a trabajar en buscar a los desaparecidos y parar las masacres a diario en Sonora”, recriminó. Lee también: Padre de Debahni Escobar pide renuncia de funcionarios de la Fiscalía de Nuevo León “En pleno día de la Libertad de Expresión trascendió que hoy entra en vigor una reforma al Código Penal del Estado para sancionar a quienes tomen fotos, videos o transmitan en vivo situaciones relacionadas con hechos delictivos en donde aparezcan cadáveres o personas lesionadas. ¿Cómo la ven? ¿Un intento más de esconder la realidad de lo que pasa con la seguridad o una Ley necesaria? ¿Para quién sería necesaria esa ley que nos restringe de visibilizar la realidad que estamos viviendo?, cuestionó. “El gobernador -Alfonso Durazo- y la fiscal -Claudia Indira Córdova- no pueden ocultar que el estado y la seguridad se les salieron de las manos y se lo entregaron a la delincuencia”, aseveró la líder de Jóvenes Buscadores de Sonora. Por su parte, Ceci Patricia Flores, líder de las Madres Buscadoras de Sonora, expresó: “La impunidad en el estado es más fuerte cada día, ahora la paz de mi hijo y mi familia en manos de las autoridades”. Sin importar las sanciones de esta nueva Ley, integrantes del colectivo de Madres Buscadoras de Sonora, acompañadas por elementos de la Guardia Nacional, transmitieron en vivo una búsqueda con apoyo de retro excavadora con hallazgo positivo.        Intento de feminicidio le destruyó la vida a Ana Paula: tiene secuelas de paraplejia           Suscríbete aquí para recibir directo en tu correo nuestras newsletters sobre noticias del día, opinión, opciones para el fin de semana, Qatar 2022 y muchas opciones más. apr
",
"
 Gobernar la Ciudad de México cumpliendo con principios democráticos fundamentales como el respeto a los derechos humanos, la no represión y la justicia, pero al mismo tiempo procurado el orden y el respeto a derechos ha sido uno de los principales retos de la administración actual.  En menos de dos meses hemos visto cómo en distintas acciones se ha puesto fin a diversos fenómenos de desorden que, en muchos casos, representaban también factores de inseguridad.  El acto más reciente fue la liberación de la circulación del Eje 1 Norte que llevaba años tomado por quienes ejercen el comercio informal en la zona causando severos daños a la movilidad. El operativo se llevó a cabo sin violencia y la gran mayoría de los comerciantes se retiraron por sus propios medios.  Este retiro no fue una acción autoritaria. De forma previa, se entabló diálogo con representantes de los comerciantes. Se les hizo ver que, a diferencia de los años del surgimiento del ambulantaje, hoy se cuenta con apoyos económicos desde el Gobierno Federal como las pensiones para adultos mayores, las becas para la juventud que estudia y, en la Ciudad de México, está la Beca Bienestar para niñas y niños que cursan su educación básica.  Estos apoyos llegan a todas las familias, incluidas las de quienes ejercen el comercio informal. Adicionalmente, el Gobierno capitalino pondrá a disposición de los comerciantes opciones como Jóvenes Construyendo el Futuro, así como oportunidades de acceso a microcréditos para que accedan al empleo o se conviertan en pequeños empresarios formales.  Días antes la ciudad fue amenazada por un megabloqueo de transportistas para conseguir un incremento de hasta cinco pesos a la tarifa. Gracias a la presencia de concertadores y policías en cada punto bloqueado, la protesta fue desarticulada y las afectaciones fueron mínimas.  Otro hecho destacado fue lo ocurrido en torno a la llamada Okupa Cuba. En torno a la sede de la Comisión Nacional de Derechos Humanos (CNDH) tomada por grupos de personas encapuchadas, se comenzaron a presentar fenómenos de descomposición. El más famoso fue la agresión a una mujer que circulaba frente al inmueble cuyo auto fue destrozado porque se negó a pagarles un “derecho de vía”. En un operativo sin violencia y con respeto a los derechos humanos, las responsables fueron detenidas y el inmueble devuelto.  Luego de estos hechos, la Secretaría de Gobierno capitalina se dio a la tarea fortalecer el diálogo que había llevado durante meses con los indígenas triquis desplazados de Oaxaca que habían instalado un plantón, primero sobre Eje Central y luego en Avenida Juárez, que colapsaba el tránsito y representaba un riesgo sanitario para las mujeres y niños que vivían en las calles de esa esquina. En coordinación con la Comisión de Derechos Humanos y la policía capitalina se logró reubicar esta protesta de forma pacífica.  El diálogo es el principal instrumento de Gobernabilidad en la Ciudad. No obstante, los procesos democráticos no excluyen la realización de actos de autoridad. Democracia y respeto a derechos no están peleados con el orden, como muchos años nos hicieron creer los gobiernos autoritarios.  Secretario de Gobierno de la CDMX    Suscríbete aquí para recibir directo en tu correo nuestras newsletters sobre noticias del día, opinión, planes para el fin de semana, Qatar 2022 y muchas opciones más.
",
"
    La Selección de Perú se enfrentará a Australia en busca de la clasificación a la Copa del Mundo de Qatar 2022, el partido de repechaje mundialista se disputará el lunes, así que el gobierno decretó día feriado para ver el juego. “Se ha determinado que el lunes sea feriado todo el día para el sector público. Esto permitirá que la población pueda ver a la selección de futbol clasificar al Mundial”, anunció el ministro de Cultura, Alejandro Salas. El funcionario detalló que se tomó la decisión tras una reunión con el Consejo de Ministros, por lo que será el sector privado el que decida sumarse o no al día feriado.       Gerardo Martino y Chicharito Hernández se reunirán, pero el técnico descarta su regreso a la Selección Mexicana          Ricardo Gareca y la Selección de Perú tienen la posibilidad de ir a su segundo Mundial de manera consecutiva, ya que en Rusia 2018 acudieron y rompieron con 36 años de no acudir a una Copa del Mundo. “No hay peruanos que no quieran ver la clasificación de nuestra Selección. En los últimos años se ha constituido en un orgullo y un símbolo de identidad para nosotros. Perú necesita estar unido ese día”, agregó el funcionario. Alejandro Salas puntualizó que la clasificación de Perú al Mundial de Qatar 2022 “va a reactivar la economía porque en los restaurantes y bares se juntan los amigos, en las casas las familias están unidas para disfrutar del partido”.       VIDEO: Messi ""dedica y canta"" un éxito de Luis Miguel a la Copa del Mundo             ¿CUÁNDO Y DÓNDE SE JUEGA EL REPECHAJE MUNDIALISTA?  Perú vs Australia Lunes 13 de junio / 13:00 horas Estadio Ahmad Bin Ali de Al Rayyan en Doha    ¿QUIÉNES SERÁN LOS RIVALES?  La Selección de Perú y Australia buscan uno de los últimos dos boletos a la Copa del Mundo de Qatar 2022. La escuadra ganadora se colocará en el Grupo D donde ya se encuentran:  Francia  Dinamarca  Túnez LEE TAMBIÉN: Ricardo Cadena: Ya tuvimos contacto con Orbelín para su regreso
",
"
La historia es estremecedora: una vendedora de flores en la ciudad de Celaya, asesinada por dos pistoleros, supuestamente por negarse a pagar la extorsión demandada por unos criminales. Tenía 25 años y un puesto en una banqueta. Hasta allí llega la infamia del derecho de piso. Es nuestra extorsión cotidiana y omnipresente, la que toca a millones de personas, la que pone a sudar la gota gorda a algunas de las personas más vulnerables de este país.  ¿Qué nos pasó? ¿Por qué, de unos años para acá, las bandas criminales decidieron que podían extraer rentas semipermanentes de miles de personas? ¿Por qué se volvió tan fácil y tan frecuente el cobro de un impuesto paralelo? Por una razón a la vez sencilla y atroz: creció el miedo. En un entorno donde la violencia es espectáculo, donde todos los días aparecen cuerpos sin cabeza y cabezas sin cuerpo, donde hay secuestros masivos y asesinatos en serie, las amenazas de violencia se vuelven por demás creíbles. Y mientras más creíble sea la amenaza, menos violencia efectiva se tiene que ejercer para sacarle dinero a la gente. Cada vendedora ambulante asesinada lleva a que muchas otras paguen sin chistar, solo con el mero poder del ejemplo sangriento.  ¿Qué se debe hacer entonces para combatir la extorsión? Reducir la credibilidad de la amenaza ¿Cómo se hace eso? Previniendo el mayor número posible de homicidios y secuestros. Y sancionando los que ocurran Pero eso no es asunto rápido. Toma tiempo construir capacidades para lograr ese objetivo ¿Qué hacer por mientras, para que no se sigan multiplicando casos como los de Celaya? Va una idea que ya he impulsado en otras columnas Alguna policía estatal o municipal (o incluso la Guardia Nacional) podría crear negocios fachada en localidades y giros particularmente afectados por el derecho de piso. Bien ubicado, el negocio atraería rápidamente la atención de extorsionadores. Eso permitiría ir identificando, deteniendo y procesando a bandas dedicadas a este negocio. Además, esto se podría complementar con alguna estrategia comunicacional, en la cual la autoridad diera detalles sobre el operativo y la existencia de negocios encubiertos. Y podría sugerir que son decenas o cientos. Eso llevaría a que un extorsionador potencial tuviese el temor de estar entrando a una ratonera al intentar cobrar piso. Como mínimo, lo obligaría a realizar una investigación más a profundidad, a seguir al dueño o al administrador durante días y días, etc. Y aun así no eliminaría del todo la incertidumbre. Resultado: más riesgo y más esfuerzo. Sé de buena fuente que esta idea ya se ha llevado a la práctica, con resultados mixtos. Y el asunto tiene más complicaciones que las que aquí se describen. Siempre sucede así: todo es más difícil en la realidad que en la teoría  Si eso no sirve, habría que pensar en otras medidas posibles, algunas de aplicación general, otras circunscritas a giros, modalidades o municipios específicos, dirigidas todas a dificultar este delito. No hay hoy en México crimen más sencillo que la extorsión. Ni siquiera requiere mostrar un arma: basta con una llamada amenazante para extraerle dinero a una sociedad aterrorizada. Y mientras eso no cambie, este horror se va a seguir extendiendo por nuestras calles y nuestras banquetas.     [email protected] Twitter: @ahope71     Suscríbete aquí para recibir directo en tu correo nuestras newsletters sobre noticias del día, opinión, planes para el fin de semana, Qatar 2022 y muchas opciones más.
",
"
 El próximo domingo se conmemora el Día Mundial contra el Trabajo Infantil, un llamado para poner fin a éste que es una violación de los derechos humanos de millones de niñas y niños que más lastima y debe indignarnos como sociedad, y que de manera alarmante vemos crecer a últimas fechas.  La Organización Internacional del Trabajo (OIT) y el Fondo de las Naciones Unidas para la Infancia (UNICEF) coinciden en señalar que la participación de personas menores de edad en un trabajo, siempre que no afecte su salud y su desarrollo, y no interfiera con su educación, incluso, puede ser positivo. Lo que se sanciona es precisamente aquel trabajo que priva a las niñas y niños de su infancia, su potencial y dignidad, afecta su desarrollo físico y psicológico, y su bienestar general.  En el Llamamiento a la Acción de Durbán, emanado de la 5ª Conferencia Mundial sobre la Erradicación del Trabajo Infantil (2022), se expresa la alarma debida a que según las Estimaciones mundiales del trabajo infantil de 2020, 160 millones de niñas y niños aún se encuentran en situación de trabajo infantil, y a que en el periodo 2016-2020 se registró un aumento del trabajo infantil de 8.9 millones, únicamente de niñas y niños de 5 a 11 años; además, la preocupación por las consecuencias de la pandemia de Covid-19, de los conflictos armados y de las crisis humanitarias y ambientales, que amenazan con revertir años de progreso en la lucha contra el trabajo infantil.  En nuestro país, el Instituto Nacional de Estadística y Geografía (INEGI), según la Encuesta Nacional de Trabajo Infantil (ENTI 2019), estima que 2.2 millones de niñas, niños y adolescentes de 5 a 17 años trabajaron en ocupaciones no permitidas (71.2% hombres y 28.8% mujeres). Así también que, el 29.1% de las personas menores que realizaron ocupaciones no permitidas, lo hicieron porque su hogar necesita de su trabajo y de su aportación económica.  Existe una larga lista de instrumentos internacionales que tienen como propósito la protección de la infancia y erradicar el trabajo infantil. Entre los más relevantes, la Convención sobre los Derechos del Niño (1989), que reconoce su derecho a la protección contra la explotación económica y contra el desempeño de cualquier trabajo que pueda ser peligroso o entorpecer su educación, o que sea nocivo para su salud o para su desarrollo físico, mental, espiritual, moral o social, e impone establecer una edad mínima para trabajar, horarios y condiciones de apropiadas, así como las sanciones para asegurar la aplicación efectiva de lo mandatado en esta disposición.  Así también, la OIT ha emitido diversos convenios, entre otros el Convenio 138 sobre la edad mínima (1973) y el Convenio 182 sobre las peores formas de trabajo infantil (1999).  En el ámbito nacional, además de que nuestro país ha ratificado los mencionados instrumentos, tanto la Constitución, como la Ley Federal del Trabajo y la Ley General de los Derechos de las Niñas, Niños y Adolescentes, disponen un exhaustivo marco jurídico que reglamenta el trabajo infantil.  La realidad que viven esos millones de niñas y niños en el mundo y en nuestro país, víctimas de diversas formas de esclavitud, de servidumbre, de explotación sexual, empleados en conflictos armados o actividades ilícitas como el narcotráfico, expuestos a abusos y violencia; a quienes se priva de su infancia y de la posibilidad de un futuro mejor, es inaceptable y nos exige de acciones contundentes. Romper ese círculo de pobreza del que es causa y consecuencia del trabajo infantil, y que profundiza una mayor inequidad social. No podemos quedarnos inertes, conocer esta realidad y no actuar.  Ministra de la Suprema Corte de Justicia de la Nación    Suscríbete aquí para recibir directo en tu correo nuestras newsletters sobre noticias del día, opinión, planes para el fin de semana, Qatar 2022 y muchas opciones más.
",
"
 Debido a que por tercer año consecutivo el Sistema Cutzamala se encuentra por debajo de 20% de abastecimiento de la media histórica, la Comisión Nacional del Agua (Conagua) está programando disminuir el abastecimiento de 15.3 a 14.1 metros cúbicos por segundo en la Zona Metropolitana del Valle de México.  El director general del Organismo de Cuenca de Aguas del Valle de México de Conagua, Víctor Javier Bourguett Ortiz, dijo que las cosas no pintan del todo bien para el Sistema Cutzamala, ya que por tercer año consecutivo se encuentra por debajo del nivel de su abastecimiento.  “Tenemos 323.9 millones cúbicos almacenados en las tres presas y estamos en el orden de 20% por debajo de la media histórica; es el tercer año en el que estamos en esta situación debido a las lluvias no tan buenas que hemos tenido, (...) así que las cosas no pintan del todo bien”, comentó al presentar un programa de apoyo para los agricultores de Michoacán que laboran cerca de las presas del sistema.  Leer también: Asesinan a balazos a una familia en Zumpango  De acuerdo con la Conagua, al corte del 1 de junio el llenado de las tres presas principales del Sistema Cutzamala se encuentra de la siguiente manera: El Bosque: 43.7%; Villa Victoria, 40.6%, y Valle de Bravo, 58.4%.  El director general del Organismo de Cuenca de Aguas del Valle de México señaló que se suministraron 15.3 metros cúbicos por segundo a la Zona Metropolitana del Valle de México durante marzo, abril y mayo, pero que lo ampliaron este mes, por lo que se planea bajarlo a 14.1 metros cúbicos por segundo.  “Tenemos, ya pronto, programado bajar a 14.1, ya que es lo que mantiene como sustentable al sistema, a la espera de que lleguen lluvias; esa es la situación del Sistema Cutzamala, no quisiéramos llamarla así, pero es la realidad, por lo que tenemos que cuidar el agua para que no nos pase lo de Monterrey”, dijo.  Leer también: Mujer se equivoca al identificar cuerpo: pensó que era su hijo, quien apareció días después tras haber sido secuestrado  La jefa de Gobierno, Claudia Sheinbaum Pardo, recordó que la Zona Metropolitana del Valle de México consume cerca de 65 metros cúbicos de agua por segundo; del total, 15.3 vienen del Sistema Cutzamala, pero ante la sequía se están recibiendo 2 metros cúbicos menos: “Todo el país, particularmente Centro y Norte, estamos viviendo una época de sequía que ya se prolonga por tres o cuatro años. Nosotros hemos estado recibiendo cerca de 2 metros cúbicos por segundo menos de lo que históricamente había llegado por el Sistema Cutzamala”.  De acuerdo con datos del Sistema de Aguas de la Ciudad de México (Sacmex), una persona consume en promedio 307 litros de agua al día, mientras que una familia integrada por cuatro personas se acerca a 920 litros. Suscríbete aquí para recibir directo en tu correo nuestras newsletters sobre noticias del día, opinión, planes para el fin de semana, Qatar 2022 y muchas opciones más.
",
"
Los mayores problemas que enfrenta la humanidad alcanzan magnitudes globales; terrorismo en todas sus modalidades, cambio climático, narcotráfico y corrupción entre muchos otros. Sin embargo, esta última representa un riesgo geopolítico global ya que amenaza a gobiernos y países de todo el mundo. México vive actualmente una dinámica peligrosa y de alto riesgo para la gobernabilidad nacional y para los intereses de seguridad regional. Los niveles de corrupción que experimenta el país y la fallida política de abrazar a las organizaciones criminales han sido detonantes para acelerar otros fenómenos globales como el trasiego de droga y otros ilícitos.  Si bien la violencia de los cárteles mexicanos fue en aumento en las administraciones de Fox y de Calderón, lo que experimenta México no tiene precedente y los hechos derrumban los “otros datos”. El empoderamiento del crimen organizado es un hecho innegable, así como su abierta intervención en procesos electorales.  El Ejecutivo y su eficiente gabinete de seguridad están perfectamente enterados y documentados de la gravedad de la situación.  Es incuestionable el deterioro en estos tres años que el fracaso en materia de seguridad ha desencadenado en la relación bilateral y con la comunidad internacional. Minimizar o subestimar la escalada verbal alrededor del tema está colocando a López Obrador en una ruta donde surgirán más señalamientos y pruebas acerca de la colusión y omisión de áreas estratégicas responsables de la seguridad pública.  En términos de la relación bilateral el marco de referencia ha sido la neoliberal Iniciativa Mérida y hoy en lenguaje cuatroté, el Entendimiento Bicentenario en materia de inseguridad; el narcotráfico como un problema de seguridad nacional para ambos países. Mismo infierno diferente diablo.  Los recientes señalamientos de Cruz y Rubio, senadores republicanos estadounidenses, en la línea de tiempo de los expresados por Muñoz Ledo no deben ser desdeñados. Los intereses de los Estados Unidos —que irá a las urnas en noviembre— están bajo su lupa, siendo amenazados ante el permiso que en este país tienen los criminales cuya integridad debe ser protegida según el presidente.  Quizá ante el triunfo de Morena con candidatos del PRI en las pasadas elecciones no permite hacer prospectiva y un serio análisis de lo que ocurrirá en el mediano plazo alrededor de esa narrativa instaurada en esferas estratégicas acerca de que México se está convirtiendo en un narcoestado.  El pragmatismo geopolítico de actores está transitando más allá del soft power diplomático. La sobreabundancia de la información y los distractores mañaneros constituyen una amenaza al estatuto de la memoria y el consumo desenfrenado de la propaganda presidencial pretende en una arriesgada apuesta, favorecer al olvido.  En la burbuja del poder donde se libra la lucha por el 2024 se pierde de vista que la destrucción de la transformación en materia de seguridad pasará una aduana. Y la figura del Ejecutivo ya sin la banda presidencial irá al paredón de los señalamientos porque al interior de ese mal endémico llamado corrupción, surgirá la necesidad de completar historias pendientes, ajustando cuentas y agravios. Salta a la vista la trama bilateral que se está estructurando a partir de la acumulación de distintas voces ofreciendo múltiples versiones de un mismo hecho; el control de organizaciones criminales de regiones enteras del país donde reina la impunidad y el nulo Estado de derecho.  Y ya deberían saber en los pasillos del palacio que esas facturas se pagan tarde o temprano ya sea finalizando el sexenio o en la próxima administración sin importar los colores partidistas.     Twitter: @GomezZalce     Suscríbete aquí para recibir directo en tu correo nuestras newsletters sobre noticias del día, opinión, planes para el fin de semana, Qatar 2022 y muchas opciones más.
",
"
En el Partido Revolucionario Institucional siguen las sacudidas. El motivo más reciente de queja es la falta de consenso en la toma de decisiones. Una parte importante de la bancada tricolor en el Senado, nos hacen notar, mostró su molestia por el anuncio de la “moratoria constitucional” de la coalición Va por México, firmada por Mario Zamora sin haber consultado a sus compañeros legisladores. Entre los que expresaron inconformidad por la forma de proceder estuvieron la excanciller Claudia Ruiz Massieu quien dejó en claro que no se les consultó en absoluto, y el exsecretario de Gobernación Miguel Ángel Osorio Chong, quien dijo desconocer el documento presentado por la alianza. ¿Quién dice que no hay tiro?

Plena recuperación de la industria turística… legislativa
Tras la parte más dura de la emergencia sanitaria por la pandemia de Covid-19, no sólo se han reanudado los viajes internacionales de diputados federales como se documentó en estas páginas de El Gran Diario de México. Nos cuentan que los senadores desempolvaron hace semanas las maletas y que el expresidente de la Mesa Directiva del Senado, Eduardo Ramírez, viajará la próxima semana a Egipto para participar en la Conferencia Mundial Parlamentaria. Nos dicen que en los próximos meses veremos a más legisladores conociendo el mundo con cargo al erario, pero nada parecido a lo que ocurría en el régimen anterior, que gastaba millonadas en salidas internacionales. Es decir, que en la Cámara Alta aplican las socorridas excusas de “sí pero antes viajaban más” o “sí pero antes gastaban más”.  

De traidores y próceres de la patria
Luego de que el Tribunal Electoral del Poder Judicial de la Federación ordenó que se respete el lugar de Movimiento Ciudadano en la Comisión Permanente, por parte de la Cámara de Diputados, los dirigentes de ese partido ganaron una nueva batalla. Ahora, el Tribunal ordenó que el Instituto Nacional Electoral acepte la queja de los diputados naranjas por las acusaciones en su contra promovidas por Morena y aliados, en las que se les señaló como “traidores a la patria” por el simple hecho de no votar en consonancia con los deseos del gobierno morenista. Esperan, nos comentan, que se sumen otros legisladores de oposición y haya consecuencias legales para quienes piensan que encarnan a la nación, la patria, los próceres y los colores patrios, todo al mismo tiempo, sólo por tener mayoría de votos.

¿Una senadora mexicana al FBI?
Ahora que está de moda “cantar el tiro”, nos cuentan que la senadora morenista Bertha Caraveo eleva la mira de sus batallas y no se queda con los opositores locales. Sus municiones están dirigidas al senador estadounidense Marco Rubio, quien ha estado haciendo críticas al presidente de México. La legisladora anunció en redes sociales una investigación en contra del republicano de Florida, por su papel activo como un defensor del muy defendido derecho a poseer armas en el país vecino. Según la chihuahuense, puede demostrar que don Marco ha recibido financiamiento de $3.3 millones de dólares de la siempre polémica Asociación Nacional del Rifle. Ya se verá si doña Bertha puede documentar sus dichos y acallar los chistes de sus colegas legisladores de oposición que ya la andan recomendando como investigadora para el FBI.
 Suscríbete aquí para recibir directo en tu correo nuestras newsletters sobre noticias del día, opinión, planes para el fin de semana, Qatar 2022 y muchas opciones más.
 
","Hay tiro, pero en el PRI"
"

Andrés Oppenheimer, en su libro Cuentos Chinos (2005), pregunta: ¿Dónde está México y América latina en el nuevo contexto mundial? El periodista argentino responde citando 2 estudios, el primero es del eurodiputado socialista alemán Rolf Linkohr (2004), que nos dice que “la influencia y la participación de América Latina en el comercio y la economía mundiales es pequeña y cada vez menor, a medida que crecen las economías en Asia.

El segundo estudio es del Consejo Nacional de Inteligencia (CNI), que es un Instituto de la CIA en los Estados Unidos, y señala en 2005 que “la región latinoamericana se encuentra dividida entre norte y sur, y hackeada por la ineficiencia de sus gobiernos, amenazada por la criminalidad, y sujeta al creciente peligro de que surjan nuevos líderes populistas que explotarían en su beneficio la brecha entre ricos y pobres para consolidar regímenes totalitarios”.

Hoy vemos que el CNI y el eurodiputado Linkohr tenían razón y que la región de Latinoamérica se ha quedado atrás en el tamaño de su economía y en el ingreso per cápita de sus habitantes y que será difícil que recupere el terreno perdido en la medida que avanza una izquierda trasnochada que lidera el foro de Sao Paulo.

Siempre he sostenido la tesis de que el motor de una economía es la inversión productiva y el lubricante es la confianza.

La paradoja es que hay un gran contraste en el discurso de los “comunistas chinos” y el de los socialistas retrógradas latinoamericanos. Mientras los chinos se desvelan por captar inversiones, muchos de los políticos de izquierda de Latinoamérica se regodean ahuyentándolas.

Mientras que China se asume como la única responsable de sus éxitos o fracasos, en México el discurso de López Obrador es señalar que los mexicanos somos víctimas de los gringos, de España o de la inversión extranjera, que nos han explotado de manera histórica.

Hoy no hay ideología que valga, solo hay países que atraen y retienen inversiones productivas y los que las espantan. Entonces ¿por qué les va mejor a los países asiáticos como China, Singapur o Corea del Sur que a los latinos? En gran parte, por que los asiáticos están atrayendo muchas más inversiones productivas que América Latina y están invirtiendo en la educación de su gente.

En México las remesas familiares que envían los mexicanos que viven en los Estados Unidos ya superan el total de la inversión extranjera directa. En 2021, las remesas ascendieron a la cifra de 51 mil millones de dólares, mientras que la IED sumó solo 31 mil millones de dólares.

El presidente de México, Andrés Manuel López Obrador, en su libro, “2018 la salida” en el capítulo IX nos dice que el gobierno puede hacer posible la convergencia de los sectores público, privado y social… Esta cooperación estrecha es el principio básico para construir una economía fuerte y una sociedad más justa: todos somos indispensables para hacer realidad el progreso con equidad que propugnamos muchos de buena voluntad”. También señaló, “en el terreno de lo programático actuaremos con el mayor realismo posible y sin ocurrencias o engaños … un gobierno debe convocar la esperanza, pero sin caer en falsas promesas, por que terminará enredado en su propia demagogia”.

Cuba, Venezuela y Nicaragua son países espanta-capitales. México atrapado en la demagogia, el populismo y las mentiras de López Obrador ha decidido entrar a este grupo de países que retroceden porque ahuyentan inversiones, mientras en la geopolítica mundial los países que avanzan son los capta-capitales.

Ingeniero industrial y empresario


 
Suscríbete aquí para recibir directo en tu correo nuestras newsletters sobre noticias del día, opinión, planes para el fin de semana, Qatar 2022 y muchas opciones más.
",México y América Latina en sentido contrario
"
Miles de personas se congregaron este viernes en la plancha del Zócalo para presenciar el concierto gratuito de Silvio Rodríguez. Las calles aledañas a la plancha lucen vacías y con libre tránsito, además, por la calle 16 de septiembre muchos capitalinos se resguardan de la lluvia. La gente usa paraguas e impermeables; apenas alcanza a escuchar la voz del cubano, desde este punto. Lee también: ""Bloqueo a Cuba es una perversa tragedia"": Sheinbaum le entrega las llaves de la CDMX a Silvio Rodríguez El Antiguo Palacio del Ayuntamiento está iluminado; desde los balcones del Gran Hotel Ciudad de México, las personas escuchan la música que sale de los parlantes. La lluvia cae, ligera, plácida, molesta, pero nadie se va de este concierto. Así se vive desde una de las calles principales al Zócalo este concierto gratuito.       Entre banderas del Che y mercancía de AMLO, cientos esperan concierto de Silvio Rodríguez           Suscríbete aquí para recibir directo en tu correo nuestras newsletters sobre noticias del día, opinión, opciones para el fin de semana, Qatar 2022 y muchas opciones más. apr/acmr
",
"
En el ahora lejano marzo de 2016, la Unión Europea (UE) y Turquía consolidaban un acuerdo por el cual el gobierno turco recibiría 6,000 millones de euros a cambio de controlar el flujo de migrantes irregulares e impedir su ingreso a cualquier país europeo.  Los recursos se usarían para que los refugiados se quedaran en Turquía, especialmente los cientos de miles de ciudadanos sirios que huían de la guerra y cuyo ingreso descontrolado se había convertido en gasolina para alimentar posturas nacionalistas y populistas en toda Europa con resultados diversos como el Brexit. A cambio, además de los recursos económicos, los ciudadanos turcos podrían ingresar a la UE sin necesidad de visa.  Sin embargo, conforme cambiaba el escenario bélico en Siria, la posición de Ankara en torno a los refugiados también. A sabiendas de su posición política, Erdogan en 2019, luego de la ofensiva en la ciudad Siria de Idlib, decidió abrir sus fronteras, permitiendo el paso de casi un millón de personas a Europa tan solo entre enero y febrero de aquel año.  Frente a las críticas europeas contra Turquía por sus acciones contra los kurdos en Siria, por encarcelar periodistas, la violación a derechos humanos y un largo etcétera, Erdogan ha usado a los refugiados como amenaza y le ha dado resultados.  Luego de la pifia resultante de la invitaciones -y no invitaciones- a la Cumbre de las Américas, pareciera que México va siguiendo el camino de chantaje trazado por Erdogan con sus vecinos. Y es que de otra forma no se entiende que ante las descortesías del presidente mexicano y su necedad de exigir al anfitrión que se invitara a países con regímenes claramente dictatoriales, la Casa Blanca haya hecho una invitación para una reunión bilateral en julio próximo.  La Cumbre, anunciada en un inicio como un esfuerzo de unión continental, empezó a perder el brillo que en Washington pretendían otorgarle, cuando López Obrador anunció que rechazaría la invitación si no se invitaba a Cuba, Venezuela y Nicaragua. Durante semana, la Casa Blanca logró sortear el tema, manteniendo en vilo la lista de invitados, hasta que fue imposible hacerlo. La ausencia de México junto con las de otros tres países cuyos jefes de Estado declinaron la invitación, impacta la representación y legitimidad de la Cumbre.  Desde el inicio de la actual administración, México se ha convertido, de facto, en el guardián de la frontera. La política de militarización ha tenido como resultado un enorme despliegue de militares para controlar el flujo de migrantes, manteniéndolos ya bien en Guatemala o de nuestro lado del Río Bravo. Con la mirada puesta en las elecciones de medio término de noviembre próximo, lo último que la administración de Biden desea son notas en los medios nacionales con miles de migrantes cruzando la frontera de manera ilegal.  López Obrador se ha ido dando cuenta de ello y ha ido aprovechándolo a su favor. Gracias a su posición como Gatekeeper, le es posible desdeñar la invitación, regañar al presidente Biden, criticarlo, reducir la cooperación con la DEA, continuar con su política energética (dañando de paso a empresas estadounidenses), etcétera, etcétera. El anuncio hace unos días de la salida de una nueva caravana migrante desde Chiapas, integrada por más de 5,000 familias rumbo a los Estados Unidos pone el dedo en la llaga. Ante el silencio de Washington en temas fundamentales para la democracia en México, el mensaje es que la política de chantaje parece estar dando resultados. La ausencia de México y de los países del llamado triángulo del norte centroamericano (El Salvador, Guatemala y Honduras) se ha resentido aún más, dado el enfoque migratorio y de unidad que se pretendió otorgar a la Cumbre, la cual termina sin acuerdos hemisféricos destacables que quizá hubieran obligado a México a dejar el chantaje migratorio atrás y a hacer compromisos de largo plazo.    Twitter: @solange_   Suscríbete aquí para recibir directo en tu correo nuestras newsletters sobre noticias del día, opinión, planes para el fin de semana, Qatar 2022 y muchas opciones más.
",
"
La Paz.- La expresidenta transitoria de Bolivia Jeanine Áñez fue condenada este viernes a 10 años de cárcel por incumplimiento de deberes y resoluciones contrarias a la Constitución cuando asumió el poder en 2019 en medio de una crisis social y política. Luego de deliberar por más de ocho horas, el Tribunal Primero de Sentencia de La Paz determinó que Áñez cumpla la condena en la cárcel de Miraflores en la que está detenida de manera preventiva desde hace más de un año. El Tribunal también anunció una sentencia de 10 años de cárcel contra el excomandante de las Fuerzas Armadas Williams Kaliman, y el excomandante de la Policía Yuri Calderon, de quienes se desconoce su paradero. En la mañana de este viernes los jueces del tribunal se trasladaron hasta la cárcel para tomar la última declaración de Áñez y luego hicieron lo propio en la prisión donde se encuentran dos exjefes militares acusados de ayudar a la exmandataria transitoria a llegar al poder. Con estas diligencias el tribunal cerró la fase de debates del juicio y pasadas las 14.00 hora local (18.00 GMT) los jueces anunciaron que pasaban ""a deliberar de manera ininterrumpida hasta dictar la correspondiente resolución, debiendo estar las partes procesales conectados vía virtual"". Áñez tuvo que enfrentar el juicio de manera virtual desde la cárcel, pues según las autoridades era una medida preventiva por la pandemia y luego argumentó que existía un ""riesgo de fuga"", pese a los insistentes pedidos de su defensa para que pudiera asistir personalmente a las audiencias. ""No fue un Gobierno fácil porque yo tuve el Gobierno, pero nunca tuve el poder, tuve bloqueos en la Asamblea Legislativa, por lo tanto era un Gobierno simplemente de transición"", expresó Áñez en su declaración ante el juez. Lee también: Expresidenta de Bolivia, Jeanine Áñez, se declara en huelga de hambre en prisión  Evo Morales ""no respetó la Constitución"" La exmandataria interina manifestó que ella no tenía la ""ambición"" de asumir la Presidencia y que solo cumplió su deber y que, a su juicio, el ""único ambicioso"" fue el expresidente Evo Morales ""que no respetó la Constitución"" desde 2016 cuando hizo caso omiso a los resultados de un referéndum que le negaban aspirar a un cuarto mandato consecutivo. A lo largo de las audiencias la exmandataria interina presentó varios quebrantos de salud, que según la parte acusadora eran maniobras para dilatar el juicio. Jeanine Áñez fue detenida el 13 de marzo de 2021 en un operativo encabezado por el comandante general de la Policía Boliviana, Jhonny Aguilera, en su natal Beni y luego fue llevada a La Paz en un avión militar bajo un fuerte resguardo policial. Lee también: Joven interrumpe a gritos evento de la Cumbre de las Américas; acusa a Almagro por ""golpe de Estado"" En principio la Justicia le abrió una causa por los delitos de sedición, terrorismo y conspiración por la crisis postelectoral de 2019 que derivó en la renuncia del entonces presidente Evo Morales, que para el oficialismo fue un ""golpe de Estado"". De ese caso se derivó el proceso ""golpe de estado II"", por el que hoy fue condenada. Jeanine Áñez asumió el 12 de noviembre de 2019 el mando interino del país como segunda vicepresidenta del Senado, dos días después de la renuncia de Morales y de todos los funcionarios en línea de sucesión Presidencial, y en medio de una crisis política y social que estalló tras los comicios de octubre de ese año entre denuncias de fraude a favor del entonces presidente. Suscríbete aquí para recibir directo en tu correo nuestras newsletters sobre noticias del día, opinión, Qatar 2022 y muchas opciones más. vare/acmr
",
"

No es viable que dentro de un año los mexicanos cuenten con atención y medicamentos gratuitos, porque crear un sistema de salud con esas características, toma años… décadas, y no sólo uno, como aseguró este jueves el presidente Andrés Manuel López Obrador, expresan médicos.

Consultados por EL UNIVERSAL, señalan que detrás de los compromisos del Jefe del Ejecutivo federal sólo existen buenas intenciones.

“Crear un sistema de salud o dejarlo al punto no es algo que te tome dos años, que te quedan, ni 850 días, ni un sexenio. Es algo que toma décadas. Quienes han creado sistemas de salud, como el del Reino Unido o los estados de bienestar de la Unión Europea, les ha tomado décadas porque es algo que no se puede hacer de la noche a la mañana”, dice Xavier Tello, médico cirujano y autor del libro La tragedia del desabasto.
 Leer también: AMLO promete atención médica y medicamentos gratuitos a más tardar en un año

Este jueves, en su conferencia matutina en Palacio Nacional, López Obrador se comprometió a que en un año la atención médica y los medicamentos se otorgarán de manera gratuita y universal en el sector Salud.

“Ya tenemos ese compromiso muy claro: la atención médica para todos, independientemente de si tienes ISSSTE, si tienes Seguro, no, es universal. Esto es Estado de bienestar, el derecho a la salud, que está consagrado en la Constitución, en el artículo 4, pero es letra muerta, como muchas otras cosas que están en la Constitución, que son enunciados, principios, pero que en la realidad no se lleva a cabo”, agregó.

Tello comenta que lo que quiere lograr López Obrador es tener todos los sistemas de salud estatales integrados al IMSS-Bienestar, “cambiarle la pintura a todo, la papelería y la administración. Pero eso no significa que todos tengan una cobertura de salud, porque para garantizar lo que prometió se requiere un presupuesto suficiente”.

Agrega: “Todo el dinero que se necesita para pagar la supuesta gratuidad, no se tiene. Si lo que quiere hacer el Presidente es dar una cobertura en la que pagues todos los servicios a los padecimientos de todos los pacientes, no habrá dinero que le alcance”.

Explica que de todos los países que integran la Organización para la Cooperación y el Desarrollo Económicos (OCDE), México es el que menos dinero invierte en salud, con 620 dólares anuales por paciente, mientras que Alemania, por ejemplo, rebasa los 5 mil dólares, y Gran Bretaña, los 4 mil 200 dólares.

“Para que se tenga una cobertura total de esa calidad, se necesita incrementar ocho veces el presupuesto destinado a salud. Y eso no sucederá”, dice.

El coordinador de la Comisión Universitaria para la Atención de la Emergencia de Covid-19, Samuel Ponce de León, señala que todos los médicos y trabajadores de la salud quisieran un sistema universal gratuito, pero aclara que es más fácil decirlo que hacerlo.
 Leer también: AMLO no descarta que Argentina pueda pagar con alimentos el avión presidencial TP-01

“La calidad de los servicios es fundamental y tener servicios de atención médica de alta calidad, requiere de una alta inversión y de una gran preparación, además de una amplia capacidad de infraestructura. Entonces, decir que en un año vamos a tener servicios gratuitos puede ser, efectivamente, alcanzable. Pero que esto implique que vamos a contar con un buen sistema de salud, no está dentro de las posibilidades reales”, subraya.

Para Ponce de León, la gratuidad sólo se alcanzaría si contáramos con un sistema que tuviera una amplia capacidad para dar atención primaria “y no la tenemos actualmente; las instalaciones y la capacitación de los médicos no son óptimas. Construir un buen sistema de salud, no se hace sólo con palabras… y con saliva. Se tiene que hacer un gran esfuerzo, una gran planeación y con una gran inversión en recursos humanos, en presupuesto y en infraestructura”.

Dice que las declaraciones del Ejecutivo federal son un compromiso y una aspiración que no tienen la claridad que se requiere. “Desafortunadamente, sus asesores en materia de salud no han sido específicos para concretar esta estrategia en la realidad”.

Alejandro Jácome, académico de la UNAM, indica que lo señalado por López Obrador seguramente se quedará en las buenas intenciones, porque para lograr la gratuidad en atención y en medicamentos, “se requiere de una inversión muy, pero muy grande. Y lo que hemos visto en los últimos años es que el presupuesto en salud no ha aumentado, sino que ha ido disminuyendo”.
Suscríbete aquí para recibir directo en tu correo nuestras newsletters sobre noticias del día, opinión, planes para el fin de semana, Qatar 2022 y muchas opciones más.
","Inviable, plan de salud de AMLO: médicos"
